"","ID","Description","GeneRatio","BgRatio","RichFactor","FoldEnrichment","zScore","pvalue","p.adjust","qvalue","geneID","Count"
"GO:0005975","GO:0005975","carbohydrate metabolic process","82/1217","249/5557",0.329317269076305,1.50371081697373,4.30622815953581,2.58496869473101e-05,0.0301925582636797,0.0289930831654632,"YAL038W/YBR056W/YBR105C/YBR126C/YBR218C/YBR298C/YCL018W/YCL039W/YCR005C/YCR012W/YCR073W-A/YDL022W/YDL189W/YDR001C/YDR074W/YDR255C/YDR420W/YDR477W/YEL011W/YEL070W/YER054C/YER062C/YFL053W/YFR003C/YFR015C/YFR017C/YFR053C/YGL027C/YGL059W/YGL253W/YGR043C/YGR066C/YGR229C/YGR248W/YGR254W/YHR101C/YHR104W/YHR163W/YHR174W/YHR183W/YIL042C/YIL045W/YIL099W/YIL107C/YIL123W/YIR031C/YJL052W/YJL089W/YJL137C/YJL155C/YJL216C/YJR030C/YJR159W/YKL048C/YKR058W/YKR097W/YLR134W/YLR174W/YLR258W/YLR343W/YLR377C/YML051W/YML100W/YMR105C/YMR196W/YMR215W/YMR280C/YMR307W/YMR311C/YNR034W/YNR071C/YOL056W/YOL126C/YOL136C/YOR178C/YOR190W/YOR393W/YPR001W/YPR026W/YPR159W/YPR160W/YPR184W",82
"GO:0016051","GO:0016051","carbohydrate biosynthetic process","37/1217","91/5557",0.406593406593407,1.85656496338501,4.3624225697008,3.75763015104913e-05,0.0301925582636797,0.0289930831654632,"YBR105C/YBR126C/YBR218C/YCL039W/YCR012W/YDR074W/YDR255C/YDR420W/YDR477W/YEL011W/YER054C/YER062C/YFR015C/YFR017C/YGL027C/YGR066C/YGR229C/YHR101C/YIL045W/YJL052W/YJL089W/YJL137C/YKR058W/YKR097W/YLR258W/YLR343W/YLR377C/YML100W/YMR105C/YMR215W/YMR280C/YMR307W/YMR311C/YOL126C/YOR178C/YPR159W/YPR184W",37
